<application>
  <component name="AndroidLogcatFilterHistory">
    <option name="mostRecentlyUsed" value="package:mine package:com.jsj3.hxapp" />
    <option name="nonFavorites">
      <list>
        <option value="package:mine package:com.jsj3.hxapp" />
        <option value="package:mine package:com.jsj3.hxapp tag:aaaaaaaaaxx" />
        <option value="package:mine package:com.jsj3.hxapp level:error " />
        <option value="package:mine package:com.jsj3.hxapp " />
        <option value="package:mine" />
        <option value="package:mine level:error " />
        <option value="package:mine " />
      </list>
    </option>
  </component>
</application>